decimalLatitude,decimalLongitude,day,month,year,t2m,e,tp,sdtb,altitude,ndvi,species,sp,ocup_solo,t2m_abr_ago,et_acumulada_180d,pet_acumulada_180d,t_minima_media_abr_ago,dias_geada_abr_ago
7.119929,-73.077348,21.0,6.0,2004,291.135009765625,-3.6889687180519104e-06,0.0597119852900505,798.01,1645,0.1589,Unknown,1,0.0,283.17266845703125,-0.9635219573974609,-2.8538832664489746,280.2710876464844,0
38.33,-5.83,14.0,5.0,2007,289.3562316894531,-0.0009760120883584,0.0,936.69,537,0.4419,Unknown,1,0.0,,0.0,0.0,,0
38.10993,13.381778,21.0,2.0,2023,289.01666259765625,-0.0008414331823587,0.0,1161.89,-679,0.1682,Unknown,1,0.0,,0.0,0.0,,0
39.995818,-76.374908,23.0,4.0,2022,282.644775390625,-1.5043653547763824e-05,2.3871659777796594e-06,948.77,-12,0.1764,Unknown,1,0.0,300.8138732910156,-1.0201573371887207,-6.890664100646973,297.5596008300781,0
30.937928,-85.237313,29.0,12.0,2025,291.99969482421875,3.427732735872269e-05,2.4798511731205508e-05,1795.4,44,0.013,Unknown,1,0.0,301.68243408203125,-0.8972351551055908,-8.009556770324707,298.41156005859375,0
39.025445,-76.931945,21.0,4.0,2023,289.219482421875,-9.821588173508644e-05,0.0,1498.41,55,0.6119,Unknown,1,0.0,302.427490234375,-0.8296834230422974,-9.016292572021484,299.06011962890625,0
-33.386356,18.912454,14.0,10.0,2025,291.7328491210937,-0.0014403676614165,0.0010605379939079,2749.88,-4621,0.452,Unknown,1,0.0,,0.0,0.0,,0
-33.803048,-71.246933,29.0,8.0,2025,281.27398681640625,-3.144657239317894e-05,0.0004711001820396,3444.73,124,0.021,Unknown,1,0.0,284.6741027832031,-0.25357723236083984,-0.6177144646644592,279.8111267089844,19
38.716,-6.98,4.0,5.0,2024,294.71978759765625,-0.0010476317256689,8.52346317969932e-07,432.62,254,0.4982,Unknown,1,0.0,,0.0,0.0,,0
36.001736,-88.999746,14.0,4.0,2024,297.459716796875,-0.0003712158650159,8.583068620282575e-07,1784.01,94,0.5595,Unknown,1,0.0,302.5556640625,-0.876284658908844,-8.739725112915039,299.1947021484375,0
-3.881101,-38.530561,11.0,4.0,2025,293.39794921875,-5.1973387598991394e-05,6.604194368264871e-06,1510.53,52,0.4462,Unknown,1,24.0,299.80419921875,-0.9976183176040649,-2.116257667541504,297.8382263183594,0
36.343845,-89.497481,26.0,11.0,2024,277.03466796875,-0.0006251791492104,3.784149885177612e-05,4360.57,86,0.4582,Unknown,1,0.0,302.5556640625,-0.876284658908844,-8.739725112915039,299.1947021484375,0
39.661056,-0.671657,19.0,2.0,2025,294.12158203125,-3.629457205533981e-05,0.0021615475416183,1102.95,451,0.2288,Unknown,1,0.0,,0.0,0.0,,0
39.827759,-0.261138,23.0,2.0,2025,298.120849609375,-4.2671337723732e-05,0.0,835.76,733,0.283,Unknown,1,0.0,,0.0,0.0,,0
38.123226,-79.0498,27.0,5.0,2024,295.76416015625,-0.0001643542200326,0.0,1588.59,432,0.6517000000000001,Unknown,1,0.0,302.5556640625,-0.876284658908844,-8.739725112915039,299.1947021484375,0
38.954673,-3.946075,18.0,4.0,2024,299.206787109375,-0.0003889398649334,0.000495433807373,1117.82,723,0.4871,Unknown,1,0.0,,0.0,0.0,,0
39.890484,-4.173292,28.0,3.0,2024,287.3636169433594,-0.0011347159743309,0.0009670704603195,1095.51,783,0.3805,Unknown,1,0.0,,0.0,0.0,,0
-36.622645,-72.140543,3.0,9.0,2023,280.6279296875,-5.629844963550568e-05,0.0020008385181427,3941.25,108,0.0972,Unknown,1,0.0,,0.0,0.0,,0
39.964394,-3.394033,10.0,4.0,2024,301.459228515625,-0.0004593655467033,7.320940494537354e-05,1978.0,697,0.5069,Unknown,1,0.0,,0.0,0.0,,0
36.690036,-6.124175,9.0,9.0,2023,296.9308166503906,-6.034038960933685e-05,1.9431114196777344e-05,674.47,44,0.2377,Unknown,1,0.0,,0.0,0.0,,0
-36.621313,-72.110767,6.0,8.0,2023,282.588134765625,6.790272891521454e-06,0.0001177936792373,3941.25,121,0.3947,Unknown,1,0.0,,0.0,0.0,,0
39.820442,-4.060185,17.0,6.0,2023,294.602783203125,-4.959758371114731e-05,0.0006952675175853,823.26,674,0.313,Unknown,1,0.0,,0.0,0.0,,0
38.533661,-9.012159,1.0,11.0,2022,296.422607421875,-9.24617052078247e-06,4.351138045421976e-07,1188.24,86,0.3054,Unknown,1,0.0,,0.0,0.0,,0
-38.389217,-72.389655,28.0,12.0,2022,294.99951171875,-6.988365203142166e-05,0.0,2674.7,302,0.4729,Unknown,1,0.0,,0.0,0.0,,0
38.735243,16.193972,7.0,2.0,2023,300.976806640625,-0.0005975738167762,0.0001078039422282,1350.0,-112,0.4853,Unknown,1,0.0,,0.0,0.0,,0
30.607016,-86.895879,4.0,2.0,2023,277.23779296875,-0.0003805598244071,0.0,1264.13,20,0.6069,Unknown,1,0.0,302.427490234375,-0.8296834230422974,-9.016292572021484,299.06011962890625,0
39.983762,-8.396179,27.0,3.0,2022,292.7952880859375,-0.0002825357951223,4.276632239452738e-07,1288.53,136,0.446,Unknown,1,0.0,,0.0,0.0,,0
-32.812245,-61.395913,19.0,9.0,2021,288.4020080566406,-8.339714258909225e-05,4.351138613856165e-07,3199.61,98,0.0378,Unknown,1,0.0,286.38446044921875,-0.3982371687889099,-1.1630737781524658,282.9501037597656,8
37.408071,-5.940893,10.0,4.0,2022,302.77557373046875,-0.0001415079459547,5.632638931274414e-06,1314.04,19,0.4283,Unknown,1,0.0,,0.0,0.0,,0
39.983728,-8.396107,27.0,3.0,2022,292.7952880859375,-0.0002825357951223,4.276632239452738e-07,1288.53,136,0.446,Unknown,1,0.0,,0.0,0.0,,0
39.522272,8.640157,29.0,3.0,2022,298.4661865234375,-0.0002725468948483,8.583068620282575e-07,969.04,-126,0.2111,Unknown,1,0.0,,0.0,0.0,,0
36.736522,3.040475,1.0,6.0,2021,304.4042358398437,-0.0008298084139823,4.101693775737658e-05,1112.1,-2653,0.2959,Unknown,1,0.0,,0.0,0.0,,0
36.589167,2.832222,29.0,1.0,2021,295.8616943359375,-0.0009433226659893,4.351138045421976e-07,1056.33,-2605,0.6561,Unknown,1,0.0,,0.0,0.0,,0
38.886719,-1.90115,19.0,4.0,2021,305.56201171875,-2.084486186504364e-05,0.0,1888.59,860,0.4064,Unknown,1,0.0,,0.0,0.0,,0
32.867222,-6.901389,23.0,6.0,2020,290.7196655273437,-1.9082799553871155e-05,0.0,1330.61,792,0.1729,Unknown,1,0.0,,0.0,0.0,,0
38.686739,-77.321219,1.0,5.0,2020,259.5287170410156,3.1311064958572388e-06,1.886486984403745e-06,1538.69,88,0.128,Unknown,1,0.0,302.2489929199219,-0.886333703994751,-9.04680061340332,298.6664733886719,0
38.742153,-9.178172,17.0,4.0,2019,298.6138916015625,-0.0001602224074304,8.52346317969932e-07,1110.79,79,0.0204,Unknown,1,0.0,,0.0,0.0,,0
38.618095,-85.775422,19.0,10.0,2004,286.903076171875,-9.17688012123108e-05,0.0036400407552719,892.18,183,-0.0318,Unknown,1,0.0,301.32781982421875,-0.8836777806282043,-8.348459243774414,297.8389587402344,0
39.80035,45.169228,25.0,5.0,2022,286.93310546875,-0.0029387269169092,0.0005148452473804,821.27,-126,0.5854,Unknown,1,0.0,,0.0,0.0,,0
37.031303,15.232276,12.0,4.0,2015,296.0985717773437,-0.0002916003577411,0.0,835.52,-2690,0.6799000000000001,Unknown,1,0.0,,0.0,0.0,,0
-6.640682,-79.797145,14.0,11.0,2020,290.32666015625,-3.689620643854141e-05,0.0001511082082288,1902.92,36,0.2828,Unknown,1,0.0,297.9725646972656,-0.9412567615509033,-3.2936244010925293,295.5302429199219,0
31.869481,34.989019,28.0,4.0,2021,292.65594482421875,-0.0003956602886319,0.000973030924797,447.42,754,0.3564,Unknown,1,0.0,,0.0,0.0,,0
39.369603,-77.387955,18.0,4.0,2017,283.98291015625,-0.0002092123031616,4.261731874066754e-07,1257.71,112,0.6445000000000001,Unknown,1,0.0,301.980712890625,-0.9645954370498657,-8.64952278137207,298.47442626953125,0
33.441651,-84.179721,29.0,5.0,2024,304.310546875,-0.0002012178301811,0.0,1016.58,258,0.4698,Unknown,1,0.0,302.5556640625,-0.876284658908844,-8.739725112915039,299.1947021484375,0
-33.11262,18.655801,27.0,6.0,2024,302.411865234375,-0.002162555232644,0.0019743144512176,2953.3,-4581,0.4204,Unknown,1,0.0,,0.0,0.0,,0
4.768571,-74.099695,10.0,4.0,2023,308.20867919921875,-2.0607374608516693e-05,0.0,1828.54,2552,0.0295,Unknown,1,0.0,287.85308837890625,-0.7319802045822144,-2.5292415618896484,285.34747314453125,0
4.768571,-74.099695,22.0,5.0,2023,292.98583984375,-0.0001562582328915,0.0,1828.54,2552,-0.0102,Unknown,1,0.0,287.85308837890625,-0.7319802045822144,-2.5292415618896484,285.34747314453125,0
4.768571,-74.099695,5.0,6.0,2023,294.6004638671875,-1.8659979104995728e-05,0.0,1828.54,2552,0.4647,Unknown,1,0.0,287.85308837890625,-0.7319802045822144,-2.5292415618896484,285.34747314453125,0
4.768571,-74.099695,19.0,6.0,2023,284.59259033203125,-7.299799472093582e-05,0.0,1828.54,2552,0.4131,Unknown,1,0.0,287.85308837890625,-0.7319802045822144,-2.5292415618896484,285.34747314453125,0
4.768571,-74.099695,17.0,7.0,2023,285.7440185546875,-0.0001692632213234,0.0016344785690307,1828.54,2552,0.3446,Unknown,1,0.0,287.85308837890625,-0.7319802045822144,-2.5292415618896484,285.34747314453125,0
4.768571,-74.099695,14.0,8.0,2023,300.00048828125,-0.000141573138535,0.0,1828.54,2552,0.0164,Unknown,1,0.0,287.85308837890625,-0.7319802045822144,-2.5292415618896484,285.34747314453125,0
4.768571,-74.099695,31.0,7.0,2023,286.01025390625,-0.0001585623249411,1.6915797459660098e-05,1828.54,2552,0.0116,Unknown,1,0.0,287.85308837890625,-0.7319802045822144,-2.5292415618896484,285.34747314453125,0
4.768571,-74.099695,28.0,8.0,2023,292.33447265625,-0.0001407302916049,0.0,1828.54,2552,0.2687,Unknown,1,0.0,287.85308837890625,-0.7319802045822144,-2.5292415618896484,285.34747314453125,0
35.550219,45.446092,6.0,3.0,2024,287.10064697265625,-0.0016973363235592,0.0002210676611866,382.89,752,0.2008,Unknown,1,0.0,,0.0,0.0,,0
38.048683,23.723123,26.0,3.0,2018,293.7225646972656,-0.0004540896043181,0.0013401210308074,655.45,-837,0.1156,Unknown,1,0.0,,0.0,0.0,,0
-31.987228,-60.493456,14.0,7.0,2022,283.25811767578125,-3.020744770765305e-05,8.642673492431641e-07,2345.16,71,0.3593,Unknown,1,0.0,286.6600341796875,-0.2942420244216919,-1.064469337463379,283.5429382324219,2
39.28958,-84.693552,7.0,5.0,2023,294.90380859375,-0.0001185992732644,0.0,1281.91,243,0.2815,Unknown,1,0.0,302.427490234375,-0.8296834230422974,-9.016292572021484,299.06011962890625,0
37.959399,23.717649,11.0,11.0,2017,293.6177978515625,-0.0002933032810688,8.583068620282575e-07,872.0,-1324,0.1061,Unknown,1,0.0,,0.0,0.0,,0
4.769681,-74.099952,5.0,5.0,2023,294.47125244140625,-0.000469802878797,4.076361801708117e-05,1828.54,2552,0.0059,Unknown,1,0.0,287.85308837890625,-0.7319802045822144,-2.5292415618896484,285.34747314453125,0
4.767466,-74.099109,3.0,5.0,2023,294.8326721191406,-0.000142753124237,0.0,1828.54,2552,0.0329,Unknown,1,0.0,287.85308837890625,-0.7319802045822144,-2.5292415618896484,285.34747314453125,0
-34.165982,-70.658578,4.0,11.0,2022,290.6430053710937,-1.904089003801345e-05,8.52346317969932e-07,3096.29,535,0.3649,Unknown,1,0.0,281.7794189453125,-0.22557421028614044,-0.504463791847229,276.5502624511719,78
38.969845,-5.806531,19.0,6.0,2023,284.85040283203125,-4.876777529716492e-05,0.0,1981.03,468,0.2349,Unknown,1,0.0,,0.0,0.0,,0
-34.334956,20.323297,25.0,12.0,2015,296.8065185546875,-0.0002802181988954,1.9997357867396204e-06,2668.75,-3403,0.3044,Unknown,1,0.0,,0.0,0.0,,0
-34.078388,19.243395,31.0,7.0,2021,293.32421875,-0.0009515779092907,1.7195939108205494e-06,2920.84,-4480,0.5373,Unknown,1,0.0,,0.0,0.0,,0
-33.666509,18.569393,27.0,4.0,2019,298.6005249023437,-0.000366810709238,1.475214958190918e-06,3527.14,-4566,0.2802,Unknown,1,0.0,,0.0,0.0,,0
-33.424134,18.952963,25.0,4.0,2023,290.45751953125,-0.0001527136191725,4.331171658122912e-05,2998.63,-4600,0.3889,Unknown,1,0.0,,0.0,0.0,,0
-33.931747,18.865517,10.0,8.0,2021,278.0634765625,-0.0013847891241312,0.0006433576345443,2595.93,-4540,0.5436,Unknown,1,0.0,,0.0,0.0,,0
35.554614,45.445264,19.0,3.0,2023,304.2353210449219,-0.0016943863593041,0.0013951316941529,382.89,718,0.004,Unknown,1,0.0,,0.0,0.0,,0
36.095879,-82.870186,10.0,4.0,2010,292.4433288574219,-0.0001525087282061,0.0,1699.9,419,0.6391,Unknown,1,0.0,300.5391540527344,-1.1954103708267212,-5.295816421508789,297.6028137207031,0
-4.210815,-79.391808,5.0,10.0,2005,287.5833740234375,-6.570108234882355e-05,1.9744038581848145e-05,810.26,2525,0.0,Unknown,1,0.0,298.2459411621094,-0.9091012477874756,-2.859081983566284,296.0626525878906,0
38.62,-0.75,8.0,5.0,2018,293.71826171875,-0.0002012168988585,8.121132850646973e-06,1105.24,842,0.0203,Unknown,1,0.0,,0.0,0.0,,0
38.75,-0.44,20.0,3.0,2014,299.1289367675781,-0.0002204277552664,0.006802107207477,822.34,441,0.407,Unknown,1,0.0,,0.0,0.0,,0
-1.133333,-78.816667,14.0,4.0,2004,256.0692749023437,-5.909241735935211e-05,5.099177542433608e-06,1812.62,3885,-0.0247,Unknown,1,0.0,297.0767517089844,-0.8001555800437927,-2.1752512454986572,295.23223876953125,0
-33.95427,18.481659,3.0,10.0,2021,298.4697265625,-0.0003924593329429,0.0008799880743026,3003.26,-4538,0.3532,Unknown,1,0.0,,0.0,0.0,,0
9.558158,-83.709503,4.0,7.0,2013,296.874267578125,-0.0001791464164853,0.0008871704339981,710.11,3022,-0.0511,Unknown,1,0.0,301.17742919921875,-1.124618649482727,-7.116874694824219,297.861328125,0
39.581881,-77.64481,21.0,4.0,2011,280.23126220703125,-0.0002915859222412,0.0,1377.0,123,0.5145000000000001,Unknown,1,0.0,300.0712890625,-1.1851787567138672,-5.121211051940918,297.1299743652344,0
37.054665,-5.706073,10.0,4.0,2021,293.6277770996094,-0.0001540957018733,0.0,601.41,83,0.1108,Unknown,1,0.0,,0.0,0.0,,0
-33.571606,-58.411701,22.0,10.0,2020,290.0947570800781,-0.0010421760380268,0.0133596137166023,2204.79,17,0.1246,Unknown,1,0.0,286.6632385253906,-0.5866409540176392,-0.916852593421936,284.15570068359375,2
38.21665,-87.795901,2.0,6.0,2020,292.85113525390625,-9.845104068517684e-05,8.52346317969932e-07,1931.52,124,0.5703,Unknown,1,0.0,302.2489929199219,-0.886333703994751,-9.04680061340332,298.6664733886719,0
38.666959,22.520885,15.0,6.0,2020,310.36962890625,-2.6800669729709625e-05,8.523463748133508e-07,1356.69,-104,0.4865,Unknown,1,0.0,,0.0,0.0,,0
37.450775,-6.366742,14.0,4.0,2022,295.744140625,-0.0014457278884947,0.0,807.11,63,0.557,Unknown,1,0.0,,0.0,0.0,,0
39.794555,-5.248394,19.0,3.0,2021,304.9596252441406,-0.0011210152879357,3.6299229577707592e-06,695.51,471,0.1787,Unknown,1,0.0,,0.0,0.0,,0
36.160208,5.773796,20.0,4.0,2022,295.88409423828125,-0.0002446742728352,0.0,1762.31,86,0.0961,Unknown,1,0.0,,0.0,0.0,,0
38.026521,23.738369,24.0,4.0,2021,291.5693359375,-0.000138621777296,2.7567148208618164e-06,655.45,-896,-0.0201,Unknown,1,0.0,,0.0,0.0,,0
36.753413,-6.037318,18.0,2.0,2022,306.7373046875,-0.0009265653789043,6.616115570068359e-06,703.99,29,0.091,Unknown,1,0.0,,0.0,0.0,,0
37.827518,12.470262,31.0,12.0,2021,263.89239501953125,-0.0001052049919962,0.0011077106464654,1240.07,-1884,0.5286000000000001,Unknown,1,0.0,,0.0,0.0,,0
-33.808165,18.655353,25.0,9.0,2022,292.3073425292969,-0.0016110353171825,0.0,2819.64,-4572,0.209,Unknown,1,0.0,,0.0,0.0,,0
-0.25,-78.6,15.0,3.0,2003,281.107177734375,-0.0003609964624047,0.0082157161086797,1266.2,3029,0.0675,Unknown,1,0.0,297.0643310546875,-0.7360620498657227,-1.9007320404052734,295.4130554199219,0
-0.333334,-78.63334,18.0,11.0,2008,280.736083984375,-0.0001677349209785,0.0008656621212139,1051.01,3749,0.0475,Unknown,1,0.0,297.31036376953125,-0.7842671871185303,-2.218679428100586,295.5010070800781,0
-0.25,-78.6,9.0,3.0,2007,279.9609375,-0.0003332742489874,0.0009847686160355,1266.2,3029,0.0546,Unknown,1,0.0,297.3448791503906,-0.7719268798828125,-2.1706767082214355,295.6131286621094,0
-0.25,-78.6,3.0,4.0,2005,280.893798828125,-0.0004682950675487,0.0010413706768304,1266.2,3029,0.0324,Unknown,1,0.0,297.6676940917969,-0.8049548864364624,-2.338669538497925,295.8563232421875,0
-0.25,-78.6,4.0,4.0,2005,279.492919921875,-0.0002859756350517,0.0002555727842263,1266.2,3029,0.2231,Unknown,1,0.0,297.6676940917969,-0.8049548864364624,-2.338669538497925,295.8563232421875,0
1e-06,-77.49961,4.0,4.0,2010,290.947998046875,-2.2154301404953003e-05,0.0002131462097167,865.62,1236,-0.0434,Unknown,1,0.0,297.8044738769531,-0.8168399333953857,-2.300183057785034,296.07757568359375,0
-0.25,-78.6,28.0,3.0,2003,280.190673828125,-6.71539455652237e-05,0.0004317566636018,1266.2,3029,-0.0432,Unknown,1,0.0,297.0643310546875,-0.7360620498657227,-1.9007320404052734,295.4130554199219,0
-0.2,-78.716667,18.0,11.0,2000,283.519287109375,-0.0002063661813735,0.0033706575632095,1504.84,2269,0.0167,Unknown,1,0.0,296.71649169921875,-0.7123546004295349,-1.6653295755386353,295.1031494140625,0
-0.25,-78.6,3.0,9.0,2007,277.9736328125,-0.0002860538661479,0.0003658235073089,1266.2,3029,0.1098,Unknown,1,0.0,297.3448791503906,-0.7719268798828125,-2.1706767082214355,295.6131286621094,0
-0.3,-78.634445,3.0,4.0,2005,281.436767578125,-0.0003215949982404,0.0007940858486108,1113.8,3149,0.03,Unknown,1,0.0,297.6676940917969,-0.8049548864364624,-2.338669538497925,295.8563232421875,0
-0.25,-78.6,24.0,3.0,2006,280.09912109375,-0.0002889912575483,0.0001798361481633,1266.2,3029,0.1233,Unknown,1,0.0,297.4816589355469,-0.8020740747451782,-2.4705193042755127,295.65289306640625,0
-0.25,-78.6,21.0,3.0,2006,280.365234375,-0.0002744561061263,0.000919553625863,1266.2,3029,0.0,Unknown,1,0.0,297.4816589355469,-0.8020740747451782,-2.4705193042755127,295.65289306640625,0
-0.483333,-78.366667,30.0,6.0,2003,277.4052734375,-0.0003534220159053,0.001203253865242,1071.98,3595,0.1719,Unknown,1,0.0,297.06890869140625,-0.7883399724960327,-1.9322998523712158,295.35400390625,0
-0.23333,-78.41388,4.0,4.0,2011,303.7136535644531,-0.0012686178088188,0.0008469596505165,999.12,2430,0.1529,Unknown,1,0.0,297.35845947265625,-0.7780022621154785,-2.167457103729248,295.6404113769531,0
-0.25,-78.6,11.0,12.0,2004,280.735107421875,-0.0002282336354255,0.0002030983450822,1266.2,3029,0.0961,Unknown,1,0.0,297.1371765136719,-0.7788840532302856,-2.022709846496582,295.384765625,0
-0.25,-78.6,28.0,10.0,2005,286.9619140625,-0.0001963195390999,0.0044801756739616,1266.2,3029,0.0246,Unknown,1,0.0,297.6676940917969,-0.8049548864364624,-2.338669538497925,295.8563232421875,0
-0.25,-78.666667,15.0,10.0,2010,284.698486328125,-0.0003440491855144,0.0030783205293118,1307.64,3356,0.1113,Unknown,1,0.0,297.82666015625,-0.792753279209137,-2.3437187671661377,296.0701599121094,0
-0.25,-78.6,16.0,4.0,2004,299.4426574707031,-0.0001386981457471,4.261731874066754e-07,1266.2,3029,0.1946,Unknown,1,0.0,297.1371765136719,-0.7788840532302856,-2.022709846496582,295.384765625,0
-0.3,-78.633333,28.0,10.0,2005,286.9619140625,-0.0001963195390999,0.0044801756739616,1113.8,3257,0.0171,Unknown,1,0.0,297.6676940917969,-0.8049548864364624,-2.338669538497925,295.8563232421875,0
-0.924547,-89.483085,29.0,7.0,2006,295.297607421875,-0.000221662223339,0.0001623183488845,965.66,239,0.0937,Unknown,1,0.0,297.40289306640625,-0.8043168783187866,-2.5900895595550537,295.4704284667969,0
-33.859662,18.557298,30.0,4.0,2022,292.4718322753906,-0.0004848707467317,7.68899917602539e-06,2955.68,-4540,0.3374,Unknown,1,0.0,,0.0,0.0,,0
32.6412,-85.3931,1.0,4.0,2005,296.9866638183594,-0.0002665389329195,0.0001869052648544,1016.65,239,0.0623,Unknown,1,0.0,301.4817810058594,-0.9747542142868042,-7.7169084548950195,298.0268249511719,0
33.014999,-86.707779,10.0,4.0,2005,286.74188232421875,-3.4926459193229675e-05,0.0,1001.5,175,0.2186,Unknown,1,0.0,301.4817810058594,-0.9747542142868042,-7.7169084548950195,298.0268249511719,0
9.98194,-83.8375,29.0,4.0,2003,287.0190124511719,-0.0001965472474694,8.919835090637207e-05,934.84,3269,0.0863,Unknown,1,0.0,301.4178771972656,-1.0205519199371338,-7.866727828979492,297.94464111328125,0
34.113894,2.101558,26.0,3.0,2022,298.590087890625,-0.0002417499199509,0.0,1524.94,1007,0.1483,Unknown,1,0.0,,0.0,0.0,,0
37.901192,-4.759257,16.0,2.0,2021,299.84381103515625,-0.000686228275299,0.0063535748049616,1037.48,126,0.5549000000000001,Unknown,1,0.0,,0.0,0.0,,0
36.701625,-4.700823,25.0,3.0,2021,299.691650390625,-0.0003185113891959,4.261731874066754e-07,648.61,123,0.5582,Unknown,1,0.0,,0.0,0.0,,0
35.123241,-80.916295,1.0,3.0,2022,298.348876953125,-0.0004019914194941,0.0,1152.32,183,0.2868,Unknown,1,0.0,300.8138732910156,-1.0201573371887207,-6.890664100646973,297.5596008300781,0
-34.614899,19.896285,30.0,12.0,2021,293.59674072265625,-0.0004436634480953,0.0150270704180002,2063.74,-4557,0.0415,Unknown,1,0.0,,0.0,0.0,,0
39.298468,-77.0045,17.0,4.0,2021,297.04736328125,-0.0001944359391927,6.092339754104614e-05,1332.12,44,0.1075,Unknown,1,0.0,301.3317565917969,-0.9335847496986389,-7.981647491455078,297.9986572265625,0
-34.866373,-56.223407,2.0,8.0,2021,285.928466796875,-3.861822187900543e-05,4.7147274017333984e-05,2027.94,14,0.1163,Unknown,1,0.0,285.7821960449219,-0.4419562816619873,-0.8688023090362549,283.0412902832031,2
39.809717,-75.638359,17.0,4.0,2021,297.04736328125,-0.0001944359391927,6.092339754104614e-05,1186.83,20,0.0756,Unknown,1,0.0,301.3317565917969,-0.9335847496986389,-7.981647491455078,297.9986572265625,0
36.263199,6.591597,15.0,4.0,2021,290.14093017578125,-0.0011954009532928,0.0035064816474914,1108.09,-96,-0.0072,Unknown,1,0.0,,0.0,0.0,,0
-34.681132,-58.44516,23.0,10.0,2020,291.3944091796875,-0.0003172680735588,0.004519298672676,2786.02,3,0.0424,Unknown,1,0.0,,0.0,0.0,,0
29.310267,47.951012,9.0,3.0,2021,289.57861328125,-0.0003545172512531,0.0003872811794281,2851.84,307,0.1081,Unknown,1,0.0,,0.0,0.0,,0
-34.907948,-57.948316,5.0,7.0,2020,293.8062744140625,-0.0001380797475576,0.0,2246.74,25,0.2672,Unknown,1,0.0,,0.0,0.0,,0
35.89313,-79.053664,22.0,3.0,2021,298.501708984375,-0.0002372981980443,4.917383193969727e-07,1075.32,115,0.3642,Unknown,1,0.0,301.3317565917969,-0.9335847496986389,-7.981647491455078,297.9986572265625,0
-24.528333,-53.203333,5.0,8.0,2009,291.93670654296875,-7.774820551276207e-05,0.0,980.01,352,0.546,Unknown,1,39.0,291.5322265625,-0.6720927953720093,-2.604522705078125,288.5101623535156,0
-24.844444,-51.743889,6.0,8.0,2009,297.33697509765625,-0.0001441109925508,0.0,1129.17,991,0.2161,Unknown,1,3.0,288.1224365234375,-0.6010973453521729,-0.9515902400016785,284.9014892578125,2
38.128743,-4.911734,27.0,6.0,2020,291.85333251953125,-7.928535342216492e-05,3.997981548309326e-05,742.77,519,0.4274,Unknown,1,0.0,,0.0,0.0,,0
37.923707,-79.230004,7.0,4.0,2020,276.42236328125,-2.123415470123291e-05,2.995133399963379e-06,1844.89,538,0.5,Unknown,1,0.0,302.2489929199219,-0.886333703994751,-9.04680061340332,298.6664733886719,0
37.757085,-87.089426,7.0,6.0,2020,289.998291015625,-0.0001186244189739,0.0,1882.72,132,0.539,Unknown,1,0.0,302.2489929199219,-0.886333703994751,-9.04680061340332,298.6664733886719,0
-34.160739,-56.69227,19.0,8.0,2020,292.94482421875,-0.0002606101334095,0.0001526892156107,1599.97,46,0.1038,Unknown,1,0.0,286.0088195800781,-0.3794512152671814,-1.05873441696167,283.338623046875,3
-33.930553,18.863712,25.0,8.0,2020,293.8296203613281,-0.0003784205764532,0.0,2595.93,-4540,0.0266,Unknown,1,0.0,,0.0,0.0,,0
39.62,2.6,11.0,4.0,2006,286.968017578125,-0.0007074521854519,2.1348896552808583e-06,914.08,-126,0.0816,Unknown,1,0.0,,0.0,0.0,,0
-32.421681,-63.223607,8.0,12.0,2002,290.4136657714844,-0.0003012474626302,0.0001819521130528,3402.23,200,0.0884,Unknown,1,0.0,286.2156982421875,-0.2996807396411896,-1.2283470630645752,283.3116149902344,10
37.605556,-0.985278,22.0,4.0,2019,289.43951416015625,-0.0021339943632483,0.0056845694780349,1015.84,12,0.0128,Unknown,1,0.0,,0.0,0.0,,0
37.201389,-3.608611,15.0,3.0,2020,289.6339111328125,-0.0015535466372966,2.09808349609375e-05,1062.61,703,-0.0079,Unknown,1,0.0,,0.0,0.0,,0
31.447222,-89.209167,3.0,3.0,2020,291.10546875,-0.000116940587759,0.0015824253205209,1211.96,83,0.0229,Unknown,1,0.0,302.2489929199219,-0.886333703994751,-9.04680061340332,298.6664733886719,0
36.678532,2.966769,9.0,2.0,2020,296.70086669921875,-0.0004834439605474,0.0010127127170562,869.52,-2639,0.2788,Unknown,1,0.0,,0.0,0.0,,0
-32.421707,-63.223611,8.0,12.0,2002,290.4136657714844,-0.0003012474626302,0.0001819521130528,3402.23,200,0.0884,Unknown,1,0.0,286.2156982421875,-0.2996807396411896,-1.2283470630645752,283.3116149902344,10
36.671395,2.966848,21.0,1.0,2020,301.81121826171875,-0.0004365714266896,0.0,869.52,-2637,0.3537,Unknown,1,0.0,,0.0,0.0,,0
27.852318,-82.359413,24.0,2.0,2019,299.89703369140625,-0.0003110961988568,8.553265615773853e-07,723.07,8,0.4419,Unknown,1,0.0,302.75445556640625,-0.7335327863693237,-10.367973327636719,298.9975280761719,0
-33.783044,18.487746,18.0,5.0,2019,292.4195556640625,-0.0003754468634724,0.0001203894498758,3513.52,-4585,0.0694,Unknown,1,0.0,,0.0,0.0,,0
-32.534009,-58.042419,12.0,4.0,2020,288.5772705078125,-6.257649511098862e-05,0.0,2053.2,38,0.5652,Unknown,1,0.0,287.0088195800781,-0.415061354637146,-1.0872607231140137,284.1078186035156,5
-13.309853,-72.113389,1.0,3.0,2020,282.4827575683594,-0.0001727333292365,0.0017572864890098,1596.9,2868,0.3958,Unknown,1,0.0,283.0655212402344,-0.4998142123222351,-0.9772221446037292,279.962890625,0
-31.661658,-60.760809,11.0,9.0,2018,296.75274658203125,-0.0002686697989702,4.261731874066754e-07,2099.31,19,0.135,Unknown,1,0.0,287.9339904785156,-0.49392542243003845,-1.1242986917495728,285.42523193359375,0
-32.522912,-58.023258,3.0,12.0,2019,299.86328125,-0.0007452694699168,0.0006993740680627,2026.94,16,0.0073,Unknown,1,0.0,287.351318359375,-0.4276301860809326,-0.8465970754623413,284.7565612792969,4
39.48,-0.43,3.0,5.0,2016,301.843505859375,-0.0015713861212134,0.0011139661073684,960.31,435,0.3062,Unknown,1,0.0,,0.0,0.0,,0
-1.915003,-78.724942,5.0,3.0,2018,301.1722412109375,-0.0003049336373806,4.261731874066754e-07,1299.55,3132,0.0442,Unknown,1,0.0,297.41314697265625,-0.8117007613182068,-2.022761821746826,295.595703125,0
39.19,-9.03,2.0,5.0,2013,292.7297058105469,-0.0011309767141938,2.8908252716064453e-06,1243.77,-1,0.4496,Unknown,1,0.0,,0.0,0.0,,0
37.955,-1.811,2.0,5.0,2009,290.2554931640625,-0.0013862792402505,0.0,898.1,863,0.2185,Unknown,1,0.0,,0.0,0.0,,0
38.984525,-76.944345,19.0,4.0,2019,284.858642578125,-0.0006335517391562,1.2845421224483289e-06,1570.41,54,-0.0151,Unknown,1,0.0,302.75445556640625,-0.7335327863693237,-10.367973327636719,298.9975280761719,0
-32.555367,-58.05788,7.0,6.0,2017,295.49920654296875,-6.054714322090149e-05,0.0006530910613946,2053.2,34,0.0073,Unknown,1,0.0,288.2342834472656,-0.4999687969684601,-0.9600533246994019,285.6996765136719,3
26.169173,-80.277015,19.0,12.0,2018,304.30938720703125,-0.000456066802144,0.0,1149.62,7,0.2961,Unknown,1,0.0,302.033203125,-0.8193522691726685,-9.693147659301758,298.408203125,0
36.85,-4.41,9.0,3.0,2006,302.97833251953125,-0.0003191763535141,1.296401023864746e-05,625.57,499,0.5084000000000001,Unknown,1,0.0,,0.0,0.0,,0
34.2882,-81.3152,27.0,6.0,2006,300.2001342773437,-0.0015921825543045,0.0003304034471511,934.08,130,0.5125000000000001,Unknown,1,0.0,300.8976745605469,-0.9907128214836121,-7.160650253295898,297.7236022949219,0
32.793425,-80.071751,10.0,6.0,2016,301.1787109375,-0.0019181426614522,0.0027764439582824,1115.51,8,0.0547,Unknown,1,0.0,302.39373779296875,-0.920524001121521,-8.95500373840332,298.85394287109375,0
39.98972,22.2875,29.0,4.0,2008,304.17822265625,-9.722169488668442e-05,0.0003424121532589,1332.45,-126,0.4941,Unknown,1,0.0,,0.0,0.0,,0
39.51,-0.37,12.0,5.0,2012,304.052490234375,-0.00063943490386,3.421306701056892e-06,1079.99,326,0.1718,Unknown,1,0.0,,0.0,0.0,,0
39.51,-0.38,12.0,5.0,2012,304.052490234375,-0.00063943490386,3.421306701056892e-06,981.47,335,0.1718,Unknown,1,0.0,,0.0,0.0,,0
39.41,-0.38,12.0,5.0,2010,283.888671875,-0.000133846886456,7.60108232498169e-05,1218.38,335,0.2114,Unknown,1,0.0,,0.0,0.0,,0
37.10333,9.19889,30.0,3.0,2014,289.9863586425781,-0.0013914974406361,8.498132228851318e-05,1039.27,-2774,0.1206,Unknown,1,0.0,,0.0,0.0,,0
-24.528444,-53.203222,5.0,8.0,2009,291.93670654296875,-7.774820551276207e-05,0.0,980.01,352,0.546,Unknown,1,39.0,291.5322265625,-0.6720927953720093,-2.604522705078125,288.5101623535156,0
-24.844389,-51.74375,6.0,8.0,2009,297.33697509765625,-0.0001441109925508,0.0,1129.17,991,0.2161,Unknown,1,3.0,288.1224365234375,-0.6010973453521729,-0.9515902400016785,284.9014892578125,2
39.046625,-2.085587,5.0,7.0,2008,305.0697326660156,-0.0007330495864152,0.0,2443.19,854,0.2504,Unknown,1,0.0,,0.0,0.0,,0
0.25027,-78.38194,24.0,8.0,2004,282.234619140625,-0.0001519275829195,2.387761924182996e-05,946.64,3176,0.0794,Unknown,1,0.0,296.95782470703125,-0.8029999732971191,-1.7014508247375488,295.14825439453125,0
9.981944,-83.8375,29.0,4.0,2003,287.0190124511719,-0.0001965472474694,8.919835090637207e-05,934.84,3269,0.0863,Unknown,1,0.0,301.4178771972656,-1.0205519199371338,-7.866727828979492,297.94464111328125,0
7.209972,-72.9378,24.0,6.0,2004,295.9609375,-0.0004311297088861,0.0119661390781402,942.04,2461,0.0209,Unknown,1,0.0,283.7220764160156,-0.8377137184143066,-1.2446345090866089,281.1766662597656,0
45.35233013440461,89.64973153419845,21.0,2.0,2023,272.61236572265625,-0.0004650950431823,0.0,1723.38,-126,-0.0353,Unknown,0,0.0,,0.0,0.0,,0
-23.30954616444204,119.4737158712648,15.0,6.0,2020,290.02587890625,-0.0002717431634664,8.523463748133508e-07,3001.59,-5101,0.1574,Unknown,0,0.0,,0.0,0.0,,0
54.01358701608655,159.1743430680762,10.0,4.0,2023,308.82391357421875,-2.2936612367630005e-05,0.0,2075.7,-126,-0.0095,Unknown,0,0.0,,0.0,0.0,,0
36.94463405134326,140.20740896695304,4.0,5.0,2024,290.04595947265625,-0.0030376315116882,8.52346317969932e-07,1504.24,-2692,0.8092,Unknown,0,0.0,,0.0,0.0,,0
16.53114334937345,73.9677496788093,14.0,8.0,2023,300.00244140625,-0.000120204873383,0.0,439.37,257,0.1918,Unknown,0,0.0,,0.0,0.0,,0
10.620338723333816,46.307186184005104,19.0,4.0,2019,283.264892578125,-0.0007647825405001,1.2845421224483289e-06,1330.87,180,0.011,Unknown,0,0.0,,0.0,0.0,,0
1.879940089213548,-58.74342159647675,21.0,1.0,2020,301.69793701171875,-0.0003826823085546,0.0,1278.05,265,0.1127,Unknown,0,0.0,297.75140380859375,-0.9443227648735046,-3.3201913833618164,295.51007080078125,0
28.237421610123263,-104.8808135396955,28.0,12.0,2022,288.40771484375,-0.0001943632960319,0.0092141926288604,269.59,1296,0.1148,Unknown,0,0.0,300.8138732910156,-1.0201573371887207,-6.890664100646973,297.5596008300781,0
61.16088401149196,9.579285768118496,5.0,10.0,2005,290.1224365234375,-0.0004828628152608,2.9206275939941406e-06,1142.97,-126,0.4817,Unknown,0,0.0,,0.0,0.0,,0
22.27870070418882,-79.02170481477245,5.0,5.0,2023,294.47125244140625,-0.000469802878797,4.076361801708117e-05,235.4,23,0.3855,Unknown,0,0.0,302.427490234375,-0.8296834230422974,-9.016292572021484,299.06011962890625,0
-8.918631059638741,-71.37593286871952,4.0,4.0,2010,294.463623046875,-1.7996877431869507e-05,6.435811519622803e-05,2107.09,244,0.4787,Unknown,0,3.0,297.9436340332031,-0.8729318380355835,-4.628412246704102,295.12384033203125,0
67.4747584596825,85.92886271702008,31.0,7.0,2023,294.46728515625,-0.0021536787971854,0.000672417867463,4729.89,-126,0.0839,Unknown,0,0.0,,0.0,0.0,,0
26.656945315780007,57.34335309863053,22.0,4.0,2019,305.50396728515625,-0.0037531349807977,0.0,870.98,265,0.0112,Unknown,0,0.0,,0.0,0.0,,0
50.38382303677815,91.26198732463774,26.0,3.0,2018,293.7225646972656,-0.0004540896043181,0.0013401210308074,1602.53,-126,0.0071,Unknown,0,0.0,,0.0,0.0,,0
53.85628782308572,41.445815548140246,17.0,4.0,2021,292.93408203125,-0.0003215186297893,1.7136335372924805e-07,2494.34,-126,0.3041,Unknown,0,0.0,,0.0,0.0,,0
-10.450869890224652,-66.27850684657565,21.0,6.0,2004,286.474853515625,-3.701634705066681e-05,0.0080562159419059,2850.2,163,0.5108,Unknown,0,0.0,297.2955627441406,-0.8339793086051941,-4.016590118408203,294.9224853515625,0
70.9796671495067,-78.96384733689928,28.0,8.0,2023,292.33447265625,-0.0001407302916049,0.0,2827.46,516,0.3148,Unknown,0,0.0,302.427490234375,-0.8296834230422974,-9.016292572021484,299.06011962890625,0
29.958595773294466,10.496135258090815,23.0,10.0,2020,304.5780029296875,-1.500360667705536e-05,0.0,15379.83,422,0.119,Unknown,0,0.0,,0.0,0.0,,0
-13.324252009836655,26.73017688664461,10.0,6.0,2016,297.4931640625,-0.00053824018687,0.0,1617.61,-5266,0.6916,Unknown,0,0.0,,0.0,0.0,,0
66.8875157250753,96.94659190306766,4.0,5.0,2024,269.51275634765625,-0.0007164115086197,0.0002286314993398,1286.15,-126,-0.0341,Unknown,0,0.0,,0.0,0.0,,0
-34.65575605751025,116.03468516123246,16.0,2.0,2021,299.59576416015625,-0.0004089083522558,0.0034402785822749,1717.19,-4714,0.7299,Unknown,0,0.0,,0.0,0.0,,0
48.29017987020484,63.62198872528103,11.0,4.0,2006,285.487548828125,-0.0014034826308488,2.1348896552808583e-06,5238.31,-126,0.1468,Unknown,0,0.0,,0.0,0.0,,0
36.97354421504342,-121.96737522599255,12.0,4.0,2015,296.5751342773437,-0.0002566594630479,0.0,1290.84,290,0.4133,Unknown,0,0.0,302.59735107421875,-0.8786822557449341,-9.797741889953613,298.95037841796875,0
-30.56931875160018,142.33658718494678,8.0,12.0,2002,300.1617126464844,-0.0001138094812631,4.261732158283849e-07,3509.16,-2627,0.1277,Unknown,0,0.0,,0.0,0.0,,0
21.18249268438909,22.917435663488817,8.0,12.0,2002,299.8550720214844,-1.253187656402588e-05,4.261732158283849e-07,15683.94,401,0.1095,Unknown,0,0.0,,0.0,0.0,,0
12.13274812787003,23.22653597134624,3.0,4.0,2005,285.057861328125,-1.1599622666835783e-05,0.0002618610742501,21.26,306,0.1338,Unknown,0,0.0,,0.0,0.0,,0
-20.25342995369965,139.17555465748262,15.0,6.0,2020,292.74267578125,-0.0001767184585332,8.523463748133508e-07,2690.07,-5210,0.2554,Unknown,0,0.0,,0.0,0.0,,0
46.44835515949708,-115.9869780639347,21.0,1.0,2020,301.69793701171875,-0.0003826823085546,0.0,1972.74,1948,-0.0066,Unknown,0,0.0,302.2489929199219,-0.886333703994751,-9.04680061340332,298.6664733886719,0
62.69086644113759,108.13956498520388,15.0,3.0,2003,285.130615234375,-2.048630267381668e-05,0.0103287901729345,2467.93,-126,0.0558,Unknown,0,0.0,,0.0,0.0,,0
55.988039262743314,37.25656461925632,7.0,5.0,2023,292.87841796875,-0.0001393919810652,0.0,1710.85,-126,0.0748,Unknown,0,0.0,,0.0,0.0,,0
-4.051070450633347,-49.56798229577476,18.0,11.0,2008,278.890380859375,-0.0001392718404531,0.0023803352378308,4334.75,70,0.1429,Unknown,0,33.0,300.2025146484375,-1.395474910736084,-1.395475149154663,298.71990966796875,0
-21.206835705040533,146.98338004837376,18.0,11.0,2008,278.890380859375,-0.0001392718404531,0.0023803352378308,1099.91,-5557,0.2352,Unknown,0,0.0,,0.0,0.0,,0
-16.79435031350991,-57.25304136031279,25.0,5.0,2022,296.00927734375,-0.0001614764332771,4.422774395607121e-07,3616.13,105,0.6973,Unknown,0,12.0,297.9093933105469,-0.6727890372276306,-2.105217218399048,294.2158203125,0
24.199039155845583,68.28607481404475,17.0,4.0,2021,292.93408203125,-0.0003215186297893,1.7136335372924805e-07,1544.39,325,0.066,Unknown,0,0.0,,0.0,0.0,,0
12.520553659921616,78.53314885490096,10.0,4.0,2023,308.83758544921875,-2.309959381818772e-05,0.0,405.37,293,0.4486,Unknown,0,0.0,,0.0,0.0,,0
61.07049168313765,23.383018768804448,12.0,5.0,2010,283.888671875,-0.000133846886456,7.60108232498169e-05,1241.56,-126,0.4455,Unknown,0,0.0,,0.0,0.0,,0
-26.022729854195376,-64.6481301224233,11.0,4.0,2025,293.48779296875,-0.0001596510410308,1.0460614703333704e-06,1982.25,616,0.0371,Unknown,0,0.0,289.5904846191406,-0.281890869140625,-1.2243270874023438,285.9764099121094,1
10.609260284545812,0.8258589260503015,19.0,9.0,2021,303.2516174316406,-0.002025144174695,7.528364949394017e-05,467.75,176,0.5327000000000001,Unknown,0,0.0,,0.0,0.0,,0
-10.418996219041643,-70.12849994340442,31.0,7.0,2023,294.17822265625,-8.166860789060593e-05,8.52346317969932e-07,1929.03,290,0.5824,Unknown,0,3.0,297.80438232421875,-0.8603583574295044,-4.621180057525635,295.0149230957031,0
74.28966149689035,94.96101754816226,23.0,6.0,2020,290.7196655273437,-1.9082799553871155e-05,0.0,1779.43,-126,0.2448,Unknown,0,0.0,,0.0,0.0,,0
40.637998802764,73.42109722697165,30.0,4.0,2022,291.6769104003906,-0.0038245664909482,6.241351366043091e-05,3004.98,-126,0.1379,Unknown,0,0.0,,0.0,0.0,,0
-10.803128673731903,23.13693514914777,16.0,4.0,2004,299.2746887207031,-0.0001983474940061,4.261731874066754e-07,1951.76,-5672,0.2298,Unknown,0,0.0,,0.0,0.0,,0
-20.14768777759421,-61.402927215468026,2.0,6.0,2020,292.85113525390625,-9.845104068517684e-05,8.52346317969932e-07,2156.91,293,0.1065,Unknown,0,0.0,296.30828857421875,-0.30360645055770874,-12.549463272094727,293.0843811035156,0
66.3262448452846,-88.54843347740565,24.0,3.0,2006,289.65185546875,-2.721045166254044e-05,0.001279579126276,2282.63,154,-0.0589,Unknown,0,0.0,300.8976745605469,-0.9907128214836121,-7.160650253295898,297.7236022949219,0
-11.857169194383104,30.181127313736084,3.0,9.0,2007,277.7236328125,-9.496137499809264e-05,9.503960609436037e-05,2548.7,-5777,0.1752,Unknown,0,0.0,,0.0,0.0,,0
-42.59980921210418,-73.93298764705271,24.0,8.0,2004,281.000244140625,-2.404442057013512e-05,2.1880863641854376e-05,1854.18,139,0.3132,Unknown,0,0.0,,0.0,0.0,,0
-18.26401094696064,-47.787886181759575,19.0,3.0,2023,297.7861022949219,-0.000306183937937,4.276632239452738e-07,2057.22,766,0.1703,Unknown,0,15.0,294.97064208984375,-0.5632963180541992,-1.8336970806121826,290.9639892578125,0
36.33640550560669,48.13566440915545,30.0,3.0,2014,280.8808898925781,-0.0011080028489232,0.0057762563228607,213.0,-932,-0.0172,Unknown,0,0.0,,0.0,0.0,,0
55.07062411330065,71.57437186744286,28.0,4.0,2021,292.65594482421875,-0.0003956602886319,0.000973030924797,3068.16,-126,0.3025,Unknown,0,0.0,,0.0,0.0,,0
-21.327892986878,148.07760199425792,30.0,12.0,2021,293.59674072265625,-0.0004436634480953,0.0150270704180002,769.79,-5507,0.0316,Unknown,0,0.0,,0.0,0.0,,0
51.72935309670129,62.23842739284365,14.0,4.0,2004,256.0692749023437,-5.909241735935211e-05,5.099177542433608e-06,4844.14,-126,0.1212,Unknown,0,0.0,,0.0,0.0,,0
34.743288446098575,-1.8062695569965683,8.0,12.0,2002,284.5132751464844,-0.0002686288207769,4.261732158283849e-07,1295.95,489,0.2036,Unknown,0,0.0,,0.0,0.0,,0
-2.458660239404267,28.663090530131825,18.0,11.0,2008,278.890380859375,-0.0001392718404531,0.0023803352378308,972.66,-4595,0.1232,Unknown,0,0.0,,0.0,0.0,,0
5.625916209287183,30.97058174477681,21.0,4.0,2023,305.809326171875,-2.6568304747343063e-05,0.0,246.41,-64,0.0926,Unknown,0,0.0,,0.0,0.0,,0
8.597876336208742,31.799929880137626,5.0,8.0,2009,292.44842529296875,-0.0001052394509315,0.0,800.98,172,0.1962,Unknown,0,0.0,,0.0,0.0,,0
52.72425892937136,42.22799083716114,2.0,5.0,2009,293.4195556640625,-0.0011263871565461,0.0,3451.43,-126,0.3874,Unknown,0,0.0,,0.0,0.0,,0
-0.0250335102419825,-53.083143692455366,16.0,2.0,2021,299.84381103515625,-0.000686228275299,0.0063535748049616,2831.89,155,0.1262,Unknown,0,3.0,298.32806396484375,-1.0255205631256104,-3.6628060340881348,295.8249206542969,0
8.644497710215589,80.64957418008709,4.0,4.0,2005,283.678466796875,-1.3522803783416748e-06,8.98420694284141e-05,1259.42,168,0.3521,Unknown,0,0.0,,0.0,0.0,,0
66.25854260198969,-92.92013767917408,16.0,2.0,2021,299.96295166015625,-0.0004410417750477,0.0049190251156687,4416.94,270,-0.0484,Unknown,0,0.0,301.3317565917969,-0.9335847496986389,-7.981647491455078,297.9986572265625,0
7.733726800333599,19.816496008090752,11.0,4.0,2025,293.39794921875,-5.1973387598991394e-05,6.604194368264871e-06,1065.65,181,0.6013000000000001,Unknown,0,0.0,,0.0,0.0,,0
-25.35270870158133,117.32324787623315,2.0,5.0,2009,291.8375244140625,-0.0011809868738055,0.0,3487.16,-5174,0.1818,Unknown,0,0.0,,0.0,0.0,,0
31.613912884923,1.1911772507643832,6.0,8.0,2023,316.564697265625,-3.377813845872879e-05,0.0,13734.92,697,0.1281,Unknown,0,0.0,,0.0,0.0,,0
61.40758393775539,50.44921368133439,19.0,2.0,2025,294.12158203125,-3.629457205533981e-05,0.0021615475416183,5166.51,-126,0.0715,Unknown,0,0.0,,0.0,0.0,,0
9.59729863302205,33.09713692528359,27.0,6.0,2006,301.2352905273437,-0.0017066458240151,4.950165748596192e-05,1142.79,106,0.0887,Unknown,0,0.0,,0.0,0.0,,0
-3.293934098877884,-53.813400468497306,9.0,9.0,2023,298.5362854003906,-0.0002299267798662,6.809830665588379e-06,2947.63,219,0.3464,Unknown,0,3.0,299.5699768066406,-0.9094830751419067,-5.623945236206055,296.7818298339844,0
-13.933108989340042,-64.69574769346396,21.0,4.0,2011,281.99298095703125,-0.0003665187396109,9.091198444366456e-05,2418.98,143,0.3886,Unknown,0,0.0,298.23553466796875,-0.7188721299171448,-1.983022928237915,295.3830261230469,0
-27.82137320477087,127.3181810374441,4.0,5.0,2024,290.70806884765625,-0.0001995926722884,8.52346317969932e-07,2801.85,-4647,0.2605,Unknown,0,0.0,,0.0,0.0,,0
-2.1304505824011386,-48.6269066056233,7.0,5.0,2023,296.79833984375,-0.0002295523881912,0.0,7157.5,37,0.404,Unknown,0,35.0,299.9829406738281,-1.119980812072754,-5.472257137298584,297.1742858886719,0
16.781955087311047,52.015281942546295,28.0,10.0,2005,288.7470703125,-4.505924880504608e-05,0.0035571157932281,14334.35,271,0.137,Unknown,0,0.0,,0.0,0.0,,0
53.711487386539176,-114.85370359664346,29.0,5.0,2024,302.064453125,-0.0002126600593328,0.0,3888.83,2205,0.6776,Unknown,0,0.0,302.5556640625,-0.876284658908844,-8.739725112915039,299.1947021484375,0
38.591059496938186,35.1139167288421,24.0,2.0,2019,300.04351806640625,-0.0003350125625729,8.553265615773853e-07,1592.51,-102,0.0401,Unknown,0,0.0,,0.0,0.0,,0
42.68625097548161,64.21844446823255,21.0,6.0,2004,282.775634765625,-0.0005236603319644,0.0134639292955398,11478.45,-126,0.1695,Unknown,0,0.0,,0.0,0.0,,0
61.87062924398944,106.07763644730149,23.0,10.0,2020,270.6268310546875,-0.0001608086749911,0.0002255141735076,2937.86,-126,0.0225,Unknown,0,0.0,,0.0,0.0,,0
48.99561816610711,62.79037083008177,5.0,8.0,2009,292.44842529296875,-0.0001052394509315,0.0,5175.27,-126,0.1589,Unknown,0,0.0,,0.0,0.0,,0
67.14035229417482,126.8114506295288,24.0,2.0,2019,300.04351806640625,-0.0003350125625729,8.553265615773853e-07,802.16,-126,-0.0383,Unknown,0,0.0,,0.0,0.0,,0
66.17167592779475,46.39879464721503,28.0,10.0,2005,288.7470703125,-4.505924880504608e-05,0.0035571157932281,5844.21,-126,-0.0169,Unknown,0,0.0,,0.0,0.0,,0
64.1671370688787,62.07228864253685,23.0,2.0,2025,298.120849609375,-4.2671337723732e-05,0.0,2576.51,-126,0.088,Unknown,0,0.0,,0.0,0.0,,0
61.44276267802519,-146.1415693983193,19.0,6.0,2023,284.59259033203125,-7.299799472093582e-05,0.0,955.63,195,0.1052,Unknown,0,0.0,302.427490234375,-0.8296834230422974,-9.016292572021484,299.06011962890625,0
42.56160445577012,74.33880483668003,19.0,4.0,2019,283.264892578125,-0.0007647825405001,1.2845421224483289e-06,809.92,-126,-0.0087,Unknown,0,0.0,,0.0,0.0,,0
24.38073203459163,102.7704094795269,25.0,9.0,2022,291.7819519042969,-0.002848682925105,0.0009681284427642,763.84,323,0.0103,Unknown,0,0.0,,0.0,0.0,,0
36.06732500589359,38.89026655528096,27.0,3.0,2022,292.7952880859375,-0.0002825357951223,4.276632239452738e-07,2743.53,235,0.2106,Unknown,0,0.0,,0.0,0.0,,0
-5.333861579876015,38.60083436084449,10.0,6.0,2016,299.9384765625,-0.0021723955869674,0.0005055367946624,776.54,-4373,0.0263,Unknown,0,0.0,,0.0,0.0,,0
9.837330665948896,-72.57419639020844,14.0,11.0,2020,295.97314453125,-5.649123340845108e-05,0.0059692589566111,1001.44,64,0.1284,Unknown,0,0.0,282.6341857910156,-0.7212725877761841,-1.8773937225341797,280.4758605957031,0
